[
  {
    "dimensions": [70, 50],
    "borders": "false",
    "delay": 400,
    "minimumDelay": 50,
    "walls": [
      [0, 8],
      [1, 8],
      [2, 8],
      [3, 8],
      [4, 8],
      [5, 8],
      [6, 8],
      [7, 8],
      [8, 8],
      [9, 8],
      [10, 8],
      [11, 8],
      [12, 8],
      [13, 8],
      [14, 8],
      [15, 8],
      [16, 8],
      [17, 8],
      [18, 8],
      [19, 8],
      [20, 8],
      [21, 8],
      [22, 8],
      [23, 8],
      [24, 8],
      [25, 8],
      [26, 8],
      [27, 8],
      [28, 8],
      [29, 8],
      [0, 20],
      [1, 20],
      [2, 20],
      [3, 20],
      [4, 20],
      [5, 20],
      [6, 20],
      [7, 20],
      [8, 20],
      [9, 20],
      [10, 20],
      [11, 20],
      [12, 20],
      [13, 20],
      [14, 20],
      [15, 20],
      [16, 20],
      [17, 20],
      [18, 20],
      [19, 20],
      [20, 20],
      [21, 20],
      [22, 20],
      [23, 20],
      [24, 20],
      [25, 20],
      [26, 20],
      [27, 20],
      [28, 20],
      [29, 20],
      [0, 30],
      [1, 30],
      [2, 30],
      [3, 30],
      [4, 30],
      [5, 30],
      [6, 30],
      [7, 30],
      [8, 30],
      [9, 30],
      [10, 30],
      [11, 30],
      [12, 30],
      [13, 30],
      [14, 30],
      [15, 30],
      [16, 30],
      [17, 30],
      [18, 30],
      [19, 30],
      [20, 30],
      [21, 30],
      [22, 30],
      [23, 30],
      [24, 30],
      [25, 30],
      [26, 30],
      [27, 30],
      [28, 30],
      [29, 30],
      [30, 30],
      [31, 30],
      [32, 30],
      [33, 30],
      [34, 30],
      [5, 14],
      [6, 14],
      [7, 14],
      [8, 14],
      [9, 14],
      [10, 14],
      [11, 14],
      [12, 14],
      [13, 14],
      [14, 14],
      [15, 14],
      [16, 14],
      [17, 14],
      [18, 14],
      [19, 14],
      [20, 14],
      [21, 14],
      [22, 14],
      [23, 14],
      [24, 14],
      [25, 14],
      [26, 14],
      [27, 14],
      [28, 14],
      [29, 14],
      [30, 14],
      [31, 14],
      [32, 14],
      [33, 14],
      [34, 14],
      [35, 14],
      [36, 14],
      [37, 14],
      [38, 14],
      [39, 14],
      [10, 0],
      [10, 1],
      [10, 2],
      [30, 40],
      [30, 39],
      [30, 38],
      [30, 37],
      [10, 25],
      [11, 25],
      [12, 25],
      [13, 25],
      [14, 25],
      [15, 25],
      [16, 25],
      [17, 25],
      [18, 25],
      [19, 25],
      [20, 25],
      [21, 25],
      [22, 25],
      [23, 25],
      [24, 25],
      [25, 25],
      [26, 25],
      [27, 25],
      [28, 25],
      [29, 25],
      [30, 25],
      [31, 25],
      [32, 25],
      [33, 25],
      [34, 25],
      [35, 25],
      [36, 25],
      [37, 25],
      [38, 25],
      [39, 25],
      [12, 39],
      [12, 38],
      [12, 37],
      [12, 36],
      [12, 35],
      [12, 34],
      [12, 33],
      [30, 0],
      [30, 1],
      [30, 2],
      [30, 3],
      [30, 4],
      [30, 5]
    ],
    "foods": [
      [1, 37],
      [2, 15]
    ],
    "snakes": [
      [
        [10, 10],
        [11, 10]
      ]
    ]
  }
]
