[
  {
    "dimensions": [55, 40],
    "borders": "false",
    "delay": 500,
    "minimumDelay": 50,
    "walls": [
      [20, 10],
      [20, 11],
      [20, 12],
      [20, 13],
      [20, 14],
      [10, 16],
      [47, 28],
      [47, 29],
      [47, 30],
      [47, 31],
      [47, 32],
      [47, 33],
      [47, 34],
      [47, 27],
      [47, 26],
      [47, 25],
      [47, 24],
      [47, 23],
      [49, 23],
      [48, 23],
      [47, 23],
      [46, 23],
      [45, 23],
      [44, 23],
      [43, 23],
      [42, 23],
      [41, 23],
      [15, 12],
      [19, 32],
      [12, 19],
      [1, 15],
      [13, 23],
      [35, 32],
      [5, 5],
      [42, 34],
      [47, 18],
      [48, 2],
      [36, 14],
      [39, 1],
      [44, 38],
      [24, 15],
      [45, 38],
      [23, 15],
      [3, 27],
      [12, 30],
      [2, 2],
      [32, 23],
      [6, 8],
      [16, 9],
      [33, 15],
      [30, 2],
      [16, 8],
      [12, 18],
      [25, 16],
      [16, 16],
      [24, 3],
      [11, 4],
      [20, 19],
      [34, 10],
      [20, 19]
    ],
    "foods": [
      [1, 37],
      [2, 15]
    ],
    "snakes": [
      [
        [0, 10],
        [1, 10]
      ],
      [
        [0, 20],
        [1, 20]
      ],
      [
        [0, 30],
        [1, 30]
      ],
      [
        [0, 40],
        [1, 40]
      ]
    ]
  }
]
