[
  {
    "dimensions": [55, 40],
    "borders": "false",
    "delay": 500,
    "minimumDelay": 50,
    "walls": [
      [20, 10],
      [20, 14],
      [10, 16],
      [15, 12],
      [19, 32],
      [12, 19],
      [1, 15],
      [13, 23],
      [35, 32],
      [5, 5],
      [42, 34],
      [47, 18],
      [48, 2],
      [36, 14],
      [39, 1],
      [44, 38],
      [24, 15],
      [45, 38],
      [23, 15],
      [3, 27],
      [12, 30],
      [2, 2],
      [32, 23],
      [6, 8],
      [16, 9],
      [33, 15],
      [30, 2],
      [16, 8],
      [12, 18],
      [25, 16],
      [16, 16],
      [24, 3],
      [11, 4],
      [20, 19],
      [34, 10],
      [20, 19],
      [10, 26],
      [31, 38],
      [12, 38],
      [25, 27],
      [20, 26],
      [15, 24],
      [14, 36],
      [21, 29],
      [29, 27],
      [0, 28],
      [7, 38],
      [17, 37],
      [25, 35],
      [30, 36],
      [39, 32],
      [31, 38],
      [27, 36],
      [32, 23],
      [35, 30],
      [26, 30],
      [37, 29],
      [21, 39]
    ],
    "foods": [
      [1, 37],
      [2, 15]
    ],
    "snakes": [
      [
        [0, 10],
        [1, 10]
      ],
      [
        [0, 20],
        [1, 20]
      ],
      [
        [0, 30],
        [1, 30]
      ],
      [
        [0, 40],
        [1, 40]
      ]
    ]
  }
]
